[{"__symbolic":"module","version":4,"metadata":{"cordova":{"__symbolic":"function","parameters":["pluginObj","methodName","config","args"],"value":{"__symbolic":"call","expression":{"__symbolic":"select","expression":{"__symbolic":"call","expression":{"__symbolic":"reference","module":"./common","name":"wrap","line":4,"character":9},"arguments":[{"__symbolic":"reference","name":"pluginObj"},{"__symbolic":"reference","name":"methodName"},{"__symbolic":"reference","name":"config"}]},"member":"apply"},"arguments":[{"__symbolic":"error","message":"Expression form not supported","line":4,"character":51},{"__symbolic":"reference","name":"args"}]}}}}]