[{"__symbolic":"module","version":4,"metadata":{"PluginConfig":{"__symbolic":"interface"},"CordovaOptions":{"__symbolic":"interface"},"Plugin":{"__symbolic":"error","message":"Variable not initialized","line":103,"character":21},"Cordova":{"__symbolic":"error","message":"Variable not initialized","line":104,"character":21},"CordovaProperty":{"__symbolic":"error","message":"Variable not initialized","line":105,"character":21},"CordovaInstance":{"__symbolic":"error","message":"Variable not initialized","line":106,"character":21},"InstanceProperty":{"__symbolic":"error","message":"Variable not initialized","line":107,"character":21},"CordovaCheck":{"__symbolic":"error","message":"Variable not initialized","line":108,"character":21},"InstanceCheck":{"__symbolic":"error","message":"Variable not initialized","line":109,"character":21},"CordovaFunctionOverride":{"__symbolic":"error","message":"Variable not initialized","line":110,"character":21}}}]