[{"__symbolic":"module","version":4,"metadata":{"ERR_CORDOVA_NOT_AVAILABLE":{"error":"cordova_not_available"},"ERR_PLUGIN_NOT_INSTALLED":{"error":"plugin_not_installed"},"getPromise":{"__symbolic":"function"},"wrapPromise":{"__symbolic":"function"},"checkAvailability":{"__symbolic":"function"},"instanceAvailability":{"__symbolic":"function","parameters":["pluginObj","methodName"],"value":{"__symbolic":"binop","operator":"&&","left":{"__symbolic":"select","expression":{"__symbolic":"reference","name":"pluginObj"},"member":"_objectInstance"},"right":{"__symbolic":"binop","operator":"||","left":{"__symbolic":"pre","operator":"!","operand":{"__symbolic":"reference","name":"methodName"}},"right":{"__symbolic":"binop","operator":"!==","left":{"__symbolic":"error","message":"Expression form not supported","line":197,"character":54},"right":"undefined"}}}},"setIndex":{"__symbolic":"function"},"callCordovaPlugin":{"__symbolic":"function"},"callInstance":{"__symbolic":"function"},"getPlugin":{"__symbolic":"function"},"get":{"__symbolic":"function"},"pluginWarn":{"__symbolic":"function"},"cordovaWarn":{"__symbolic":"function"},"WrapFn":{"__symbolic":"interface"},"wrap":{"__symbolic":"error","message":"Lambda not supported","line":361,"character":20},"wrapInstance":{"__symbolic":"function","parameters":["pluginObj","methodName","opts"],"value":{"__symbolic":"error","message":"Lambda not supported","line":382,"character":9},"defaults":[null,null,{}]}}}]